{"cameraMode":{"drawMode":0,"name":"Shaded","section":"Shading Mode"},"sceneLighting":true,"audioPlay":false,"sceneViewState":{"showFog":true,"showMaterialUpdate":false,"showSkybox":false,"showFlares":true,"showImageEffects":true,"showParticleSystems":true,"showVisualEffectGraphs":true,"m_FxEnabled":true},"in2DMode":false,"pivot":{"x":-0.3828163146972656,"y":0.6595820188522339,"z":0.8402137756347656},"rotation":{"x":0.21807798743247987,"y":-0.07457506656646729,"z":0.016715597361326219,"w":0.9729347229003906},"size":2.1031088829040529,"orthographic":false}