{"cameraMode":{"drawMode":0,"name":"Shaded","section":"Shading Mode"},"sceneLighting":false,"audioPlay":false,"sceneViewState":{"showFog":true,"showMaterialUpdate":false,"showSkybox":false,"showFlares":true,"showImageEffects":true,"showParticleSystems":true,"showVisualEffectGraphs":true,"m_FxEnabled":true},"in2DMode":false,"pivot":{"x":2.384185791015625e-7,"y":1.7773810625076295,"z":0.08117103576660156},"rotation":{"x":0.3197019696235657,"y":-0.02131674811244011,"z":0.007194507401436567,"w":0.9472514986991882},"size":3.1705167293548586,"orthographic":false}